[
    {
        "clazz": "火花25",
        "name": "李智",
        "age": "18",
        "tel": "18537289346",
        "address": "郑州",
        "remark": "医生",
        "date": "2020-12-01",
        "gender": "男",
        "hobby": "睡觉,学习",
        "id": "1583058959383"
    },
    {
        "clazz": "火花25",
        "name": "闫钊22",
        "age": "18",
        "tel": "18537289347",
        "address": "",
        "remark": "教授22",
        "date": "2020-12-01",
        "gender": "男",
        "hobby": "学习",
        "id": "1583058959391"
    },
    {
        "clazz": "火花25",
        "name": "尹明远",
        "age": "22",
        "tel": "110",
        "address": "郑州",
        "remark": "单身程序员",
        "date": "2020-12-02",
        "gender": "男",
        "hobby": "吃饭",
        "id": "1583060041757"
    },
    {
        "clazz": "火花25",
        "name": "杨雪静",
        "age": "18",
        "tel": "18537289345",
        "remark": "程序员小公主",
        "gender": "女",
        "hobby": "睡觉",
        "address": "郑州",
        "id": 1607389119655,
        "date": "2020-12-8"
    },
    {
        "clazz": "火花25期",
        "name": "王峰阳",
        "age": "18",
        "tel": "15890943753",
        "address": "开封",
        "remark": "这是我的小可爱",
        "date": "2020-12-10",
        "gender": "男",
        "hobby": "吃饭,睡觉,学习",
        "id": "1607586830593"
    },
    {
        "clazz": "huohau20",
        "name": "张三",
        "gender": "male",
        "age": "18",
        "hobby": "read",
        "tel": "18537289347",
        "address": "luohe",
        "remark": "单身程序员",
        "id": 1613731576481,
        "date": "2021/2/19"
    },
    {
        "clazz": "火花25",
        "name": "奥特慢慢",
        "age": "555",
        "tel": "5454555",
        "address": "郑州",
        "remark": "5454545",
        "date": "2021/2/19",
        "gender": "男",
        "hobby": "吃饭,睡觉,学习",
        "id": 1613742673138
    },
    {
        "clazz": "火花25",
        "name": "你没有code",
        "age": "2",
        "tel": "18537289345",
        "address": "驻马店",
        "remark": "我问问",
        "date": "",
        "gender": "男",
        "hobby": "吃饭",
        "id": "1614147399751"
    }
]