[
    {
        "clazz": "火花25",
        "name": "王峰阳",
        "age": "18",
        "tel": "18739275589",
        "address": "",
        "remark": "教授",
        "date": "2020-12-17",
        "gender": "男",
        "hobby": "睡觉,学习",
        "id": "1607417916504"
    },
    {
        "clazz": "0003",
        "name": "123456",
        "age": "0221",
        "tel": "01",
        "address": "郑州",
        "remark": "02",
        "data": "",
        "gender": "男",
        "hobby": "吃饭",
        "id": "1607518327398"
    },
    {
        "clazz": "11111111",
        "name": "111111111111",
        "age": "1111111111",
        "tel": "11111111111",
        "address": "焦作",
        "remark": "111111111111",
        "data": "2020-12-10",
        "gender": "男",
        "hobby": "吃饭",
        "id": "1607588691073",
        "date": "2020/12/10"
    },
    {
        "clazz": "火花",
        "name": "张美丽",
        "age": "18",
        "tel": "120",
        "address": "郑州",
        "remark": "上海",
        "data": "2020-12-30",
        "gender": "女",
        "hobby": "吃饭,学习,睡觉",
        "id": "1607603748738",
        "date": "2020/12/10"
    },
    {
        "clazz": "火花",
        "name": "张美丽",
        "age": "",
        "tel": "",
        "address": "焦作",
        "remark": "54",
        "data": "",
        "gender": "男",
        "hobby": "",
        "id": "1607605576560",
        "date": "2020/12/10"
    },
    {
        "clazz": "火花",
        "name": "张美丽",
        "age": "10",
        "tel": "10",
        "address": "焦作",
        "remark": "01",
        "data": "",
        "gender": "男",
        "hobby": "",
        "id": "1607648622289",
        "date": "2020/12/11"
    },
    {
        "clazz": "huohau20",
        "name": "张三",
        "gender": "male",
        "age": "18",
        "hobby": "read",
        "tel": "18537289347",
        "address": "luohe",
        "remark": "单身程序员",
        "id": "1613961569937",
        "date": "2021/2/22"
    },
    {
        "clazz": "huohau20",
        "name": "张三",
        "gender": "male",
        "age": "18",
        "hobby": "read",
        "tel": "18537289347",
        "address": "luohe",
        "remark": "单身程序员",
        "id": "1613961572888",
        "date": "2021/2/22"
    },
    {
        "clazz": "huohau20",
        "name": "张三",
        "gender": "male",
        "age": "18",
        "hobby": "read",
        "tel": "18537289347",
        "address": "luohe",
        "remark": "单身程序员",
        "id": "1613961577728",
        "date": "2021/2/22"
    },
    {
        "clazz": "huohau20",
        "name": "张三",
        "gender": "male",
        "age": "18",
        "hobby": "read",
        "tel": "18537289347",
        "address": "luohe",
        "remark": "单身程序员",
        "id": "1613961605543",
        "date": "2021/2/22"
    }
]