[
    {
        "clazz": "火花25",
        "name": "李智",
        "age": "18",
        "tel": "18537289346",
        "remark": "医生",
        "date": "2020-12-01",
        "gender": "男",
        "hobby": "睡觉,学习",
        "address": "郑州",
        "id": "1583058959383"
    },
    {
        "clazz": "火花25",
        "name": "闫钊",
        "age": "18",
        "tel": "18537289347",
        "remark": "教授",
        "date": "2020-12-01",
        "gender": "男",
        "hobby": "学习",
        "address": "漯河",
        "id": "1583058959391"
    },
    {
        "clazz": "火花25",
        "name": "尹明远",
        "age": "22",
        "tel": "110",
        "remark": "单身程序员",
        "date": "2020-12-02",
        "gender": "男",
        "hobby": "吃饭",
        "address": "郑州",
        "id": "1583060041757"
    },
    {
        "clazz": "火花25",
        "name": "安鹏展",
        "age": "22",
        "tel": "120",
        "remark": "程序员",
        "date": "2020-12-01",
        "gender": "男",
        "hobby": "吃饭",
        "address": "郑州",
        "id": "1583132336008"
    },
    {
        "clazz": "火花25",
        "name": "孙冰洁1",
        "age": "18",
        "tel": "123",
        "remark": "程序员女神",
        "date": "2020-12-01",
        "gender": "女",
        "hobby": "吃饭",
        "address": "郑州",
        "id": "1583134609106"
    },
    {
        "clazz": "火花25",
        "name": "杨雪静",
        "age": "18",
        "tel": "18537289345",
        "remark": "程序员小公主",
        "gender": "女",
        "hobby": "睡觉",
        "address": "郑州",
        "id": 1607389119655,
        "date": "2020-12-8"
    },
    {
        "clazz": "火花25期",
        "name": "孙建忠",
        "age": "18",
        "tel": "12121",
        "remark": "前端大佬",
        "hobby": "购物",
        "id": 1610183243253,
        "date": "2021-1-9"
    },
    {
        "clazz": "huohua25",
        "name": "234",
        "age": "23456",
        "tel": "422753.5735.",
        "address": "郑州",
        "remark": "qwerthh",
        "date": "2021-01-01",
        "gender": "男",
        "hobby": "吃饭,睡觉",
        "id": "1610257495934"
    },
    {
        "clazz": "huohua25",
        "name": "哈哈",
        "age": "1232",
        "tel": "]565",
        "address": "郑州",
        "remark": "123\n",
        "date": "2021-1-10",
        "gender": "男",
        "hobby": "睡觉,学习",
        "id": 1610262585930
    },
    {
        "clazz": "65262",
        "name": "6526",
        "age": "22662",
        "tel": "120156",
        "address": "郑州",
        "remark": "12345",
        "date": "2021-01-02",
        "gender": "男",
        "hobby": "吃饭,睡觉",
        "id": "1610274059276"
    },
    {
        "clazz": "65262",
        "name": "哈哈前3乳突炎",
        "age": "12345",
        "tel": "422753.5735.",
        "address": "郑州",
        "remark": "切34567",
        "date": "2021-01-02",
        "gender": "男",
        "hobby": "吃饭,睡觉",
        "id": "1610275046265"
    }
]